id,account_no,holder_name,linked_phone,txn_type,amount,ts,counterpart
TXN-001,500112233445,Rakesh Kumar Yadav,9812345678,CREDIT,310000.0,2026-09-10T16:00:00,Sanjay Kumar Rastogi
TXN-002,500112233445,Rakesh Kumar Yadav,9812345678,DEBIT,200000.0,2026-09-11T09:30:00,CASH WITHDRAWAL
TXN-003,500112233445,Rakesh Kumar Yadav,9812345678,TRANSFER,100000.0,2026-09-11T11:00:00,700998877665
TXN-004,900123456789,Mohan Lal Gupta,9988001122,CREDIT,180000.0,2026-09-06T14:00:00,NEFT INWARD
TXN-005,900987654321,Anjali Singh,9988001122,CREDIT,75000.0,2026-09-13T11:30:00,NEFT INWARD
TXN-006,800556677889,Farhan Qureshi,9988001122,DEBIT,50000.0,2026-09-15T15:00:00,UPI/9988001122@ybl
TXN-007,900123456789,Mohan Lal Gupta,9988001122,DEBIT,45000.0,2026-09-13T10:00:00,FORGED CHEQUE #4512
TXN-008,600334455667,Bhola Prasad,9456789012,CREDIT,8500.0,2026-09-10T17:00:00,Raju Electronics Pawn
TXN-009,600778899001,Suresh Verma,9870011223,CREDIT,25000.0,2026-09-14T08:00:00,UNKNOWN CASH DEPOSIT
TXN-010,600990011223,Amit Sharma,9900112233,CREDIT,60000.0,2026-09-17T20:30:00,Hawala-coded remittance
TXN-011,400223344556,Priya Verma,8877665544,DEBIT,12000.0,2026-09-07T10:00:00,City Hospital Medical Bill
TXN-012,300112233001,Ramesh Tiwari,9876543210,DEBIT,240000.0,2026-09-01T13:00:00,Rakesh Kumar Yadav
TXN-013,300445566002,Deepak Srivastava,9800991122,DEBIT,55000.0,2026-09-04T09:30:00,LAPTOP PURCHASE
TXN-014,300778899003,Ajay Pandey,9123456789,DEBIT,8000.0,2026-09-11T14:00:00,Medical Emergency
TXN-015,300901122004,Vinod Mishra,7001234567,CREDIT,15000.0,2026-09-12T11:00:00,SALARY
